frame,n_deposited_mg,z_order_0002,I0002_z,I10m10_xy,texture_I0002_over_I10m10,mean_height_A
1978,0,nan,nan,nan,nan,nan
1979,0,nan,nan,nan,nan,nan
1980,0,nan,nan,nan,nan,nan
1981,0,nan,nan,nan,nan,nan
1982,0,nan,nan,nan,nan,nan
1983,0,nan,nan,nan,nan,nan
1984,0,nan,nan,nan,nan,nan
1985,0,nan,nan,nan,nan,nan
1986,0,nan,nan,nan,nan,nan
1987,0,nan,nan,nan,nan,nan
1988,0,nan,nan,nan,nan,nan
1989,0,nan,nan,nan,nan,nan
1990,0,nan,nan,nan,nan,nan
1991,0,nan,nan,nan,nan,nan
1992,0,nan,nan,nan,nan,nan
1993,0,nan,nan,nan,nan,nan
1994,0,nan,nan,nan,nan,nan
1995,0,nan,nan,nan,nan,nan
1996,0,nan,nan,nan,nan,nan
1997,0,nan,nan,nan,nan,nan
1998,0,nan,nan,nan,nan,nan
1999,0,nan,nan,nan,nan,nan
2000,0,nan,nan,nan,nan,nan
2001,0,nan,nan,nan,nan,nan
2002,0,nan,nan,nan,nan,nan
2003,0,nan,nan,nan,nan,nan
2004,0,nan,nan,nan,nan,nan
2005,0,nan,nan,nan,nan,nan
2006,0,nan,nan,nan,nan,nan
2007,0,nan,nan,nan,nan,nan
2008,0,nan,nan,nan,nan,nan
2009,0,nan,nan,nan,nan,nan
2010,0,nan,nan,nan,nan,nan
2011,0,nan,nan,nan,nan,nan
2012,0,nan,nan,nan,nan,nan
2013,0,nan,nan,nan,nan,nan
2014,0,nan,nan,nan,nan,nan
2015,0,nan,nan,nan,nan,nan
2016,0,nan,nan,nan,nan,nan
2017,0,nan,nan,nan,nan,nan
2018,0,nan,nan,nan,nan,nan
2019,0,nan,nan,nan,nan,nan
2020,0,nan,nan,nan,nan,nan
2021,0,nan,nan,nan,nan,nan
2022,0,nan,nan,nan,nan,nan
2023,0,nan,nan,nan,nan,nan
2024,0,nan,nan,nan,nan,nan
2025,0,nan,nan,nan,nan,nan
2026,0,nan,nan,nan,nan,nan
2027,0,nan,nan,nan,nan,nan
2028,0,nan,nan,nan,nan,nan
2029,0,nan,nan,nan,nan,nan
2030,0,nan,nan,nan,nan,nan
2031,0,nan,nan,nan,nan,nan
2032,0,nan,nan,nan,nan,nan
2033,0,nan,nan,nan,nan,nan
2034,0,nan,nan,nan,nan,nan
2035,0,nan,nan,nan,nan,nan
2036,0,nan,nan,nan,nan,nan
2037,0,nan,nan,nan,nan,nan
2038,0,nan,nan,nan,nan,nan
2039,0,nan,nan,nan,nan,nan
2040,0,nan,nan,nan,nan,nan
2041,0,nan,nan,nan,nan,nan
2042,0,nan,nan,nan,nan,nan
2043,0,nan,nan,nan,nan,nan
2044,0,nan,nan,nan,nan,nan
2045,0,nan,nan,nan,nan,nan
2046,0,nan,nan,nan,nan,nan
2047,0,nan,nan,nan,nan,nan
2048,0,nan,nan,nan,nan,nan
2049,0,nan,nan,nan,nan,nan
2050,0,nan,nan,nan,nan,nan
2051,0,nan,nan,nan,nan,nan
2052,0,nan,nan,nan,nan,nan
2053,0,nan,nan,nan,nan,nan
2054,0,nan,nan,nan,nan,nan
2055,0,nan,nan,nan,nan,nan
2056,0,nan,nan,nan,nan,nan
2057,0,nan,nan,nan,nan,nan
2058,0,nan,nan,nan,nan,nan
2059,0,nan,nan,nan,nan,nan
2060,0,nan,nan,nan,nan,nan
2061,0,nan,nan,nan,nan,nan
2062,0,nan,nan,nan,nan,nan
2063,0,nan,nan,nan,nan,nan
2064,0,nan,nan,nan,nan,nan
2065,0,nan,nan,nan,nan,nan
2066,0,nan,nan,nan,nan,nan
2067,0,nan,nan,nan,nan,nan
2068,0,nan,nan,nan,nan,nan
2069,0,nan,nan,nan,nan,nan
2070,0,nan,nan,nan,nan,nan
2071,0,nan,nan,nan,nan,nan
2072,0,nan,nan,nan,nan,nan
2073,0,nan,nan,nan,nan,nan
2074,0,nan,nan,nan,nan,nan
2075,0,nan,nan,nan,nan,nan
2076,0,nan,nan,nan,nan,nan
2077,0,nan,nan,nan,nan,nan
2078,0,nan,nan,nan,nan,nan
2079,0,nan,nan,nan,nan,nan
2080,0,nan,nan,nan,nan,nan
2081,0,nan,nan,nan,nan,nan
2082,0,nan,nan,nan,nan,nan
2083,0,nan,nan,nan,nan,nan
2084,0,nan,nan,nan,nan,nan
2085,0,nan,nan,nan,nan,nan
2086,0,nan,nan,nan,nan,nan
2087,0,nan,nan,nan,nan,nan
2088,0,nan,nan,nan,nan,nan
2089,0,nan,nan,nan,nan,nan
2090,0,nan,nan,nan,nan,nan
2091,0,nan,nan,nan,nan,nan
2092,0,nan,nan,nan,nan,nan
2093,0,nan,nan,nan,nan,nan
2094,0,nan,nan,nan,nan,nan
2095,0,nan,nan,nan,nan,nan
2096,0,nan,nan,nan,nan,nan
2097,0,nan,nan,nan,nan,nan
2098,0,nan,nan,nan,nan,nan
2099,0,nan,nan,nan,nan,nan
2100,0,nan,nan,nan,nan,nan
2101,0,nan,nan,nan,nan,nan
2102,0,nan,nan,nan,nan,nan
2103,0,nan,nan,nan,nan,nan
2104,0,nan,nan,nan,nan,nan
2105,0,nan,nan,nan,nan,nan
2106,0,nan,nan,nan,nan,nan
2107,0,nan,nan,nan,nan,nan
2108,0,nan,nan,nan,nan,nan
2109,0,nan,nan,nan,nan,nan
2110,0,nan,nan,nan,nan,nan
2111,0,nan,nan,nan,nan,nan
2112,0,nan,nan,nan,nan,nan
2113,0,nan,nan,nan,nan,nan
2114,0,nan,nan,nan,nan,nan
2115,0,nan,nan,nan,nan,nan
2116,0,nan,nan,nan,nan,nan
2117,0,nan,nan,nan,nan,nan
2118,0,nan,nan,nan,nan,nan
2119,0,nan,nan,nan,nan,nan
2120,0,nan,nan,nan,nan,nan
2121,0,nan,nan,nan,nan,nan
2122,0,nan,nan,nan,nan,nan
2123,0,nan,nan,nan,nan,nan
2124,0,nan,nan,nan,nan,nan
2125,0,nan,nan,nan,nan,nan
2126,0,nan,nan,nan,nan,nan
2127,0,nan,nan,nan,nan,nan
2128,0,nan,nan,nan,nan,nan
2129,0,nan,nan,nan,nan,nan
2130,0,nan,nan,nan,nan,nan
2131,0,nan,nan,nan,nan,nan
2132,0,nan,nan,nan,nan,nan
2133,0,nan,nan,nan,nan,nan
2134,0,nan,nan,nan,nan,nan
2135,0,nan,nan,nan,nan,nan
2136,0,nan,nan,nan,nan,nan
2137,0,nan,nan,nan,nan,nan
2138,0,nan,nan,nan,nan,nan
2139,0,nan,nan,nan,nan,nan
2140,0,nan,nan,nan,nan,nan
2141,0,nan,nan,nan,nan,nan
2142,0,nan,nan,nan,nan,nan
2143,0,nan,nan,nan,nan,nan
2144,0,nan,nan,nan,nan,nan
2145,0,nan,nan,nan,nan,nan
2146,0,nan,nan,nan,nan,nan
2147,0,nan,nan,nan,nan,nan
2148,0,nan,nan,nan,nan,nan
2149,0,nan,nan,nan,nan,nan
2150,0,nan,nan,nan,nan,nan
2151,0,nan,nan,nan,nan,nan
2152,0,nan,nan,nan,nan,nan
2153,0,nan,nan,nan,nan,nan
2154,0,nan,nan,nan,nan,nan
2155,0,nan,nan,nan,nan,nan
2156,0,nan,nan,nan,nan,nan
2157,0,nan,nan,nan,nan,nan
2158,0,nan,nan,nan,nan,nan
2159,0,nan,nan,nan,nan,nan
2160,0,nan,nan,nan,nan,nan
2161,0,nan,nan,nan,nan,nan
2162,0,nan,nan,nan,nan,nan
2163,0,nan,nan,nan,nan,nan
2164,0,nan,nan,nan,nan,nan
2165,0,nan,nan,nan,nan,nan
2166,0,nan,nan,nan,nan,nan
2167,0,nan,nan,nan,nan,nan
2168,0,nan,nan,nan,nan,nan
2169,0,nan,nan,nan,nan,nan
2170,0,nan,nan,nan,nan,nan
2171,0,nan,nan,nan,nan,nan
2172,0,nan,nan,nan,nan,nan
2173,0,nan,nan,nan,nan,nan
2174,0,nan,nan,nan,nan,nan
2175,0,nan,nan,nan,nan,nan
2176,0,nan,nan,nan,nan,nan
2177,0,nan,nan,nan,nan,nan
2178,0,nan,nan,nan,nan,nan
2179,0,nan,nan,nan,nan,nan
2180,0,nan,nan,nan,nan,nan
2181,0,nan,nan,nan,nan,nan
2182,0,nan,nan,nan,nan,nan
2183,0,nan,nan,nan,nan,nan
2184,0,nan,nan,nan,nan,nan
2185,0,nan,nan,nan,nan,nan
2186,0,nan,nan,nan,nan,nan
2187,0,nan,nan,nan,nan,nan
2188,0,nan,nan,nan,nan,nan
2189,0,nan,nan,nan,nan,nan
2190,0,nan,nan,nan,nan,nan
2191,0,nan,nan,nan,nan,nan
2192,0,nan,nan,nan,nan,nan
2193,0,nan,nan,nan,nan,nan
2194,0,nan,nan,nan,nan,nan
2195,0,nan,nan,nan,nan,nan
2196,0,nan,nan,nan,nan,nan
2197,0,nan,nan,nan,nan,nan
2198,0,nan,nan,nan,nan,nan
2199,0,nan,nan,nan,nan,nan
2200,0,nan,nan,nan,nan,nan
2201,0,nan,nan,nan,nan,nan
2202,0,nan,nan,nan,nan,nan
2203,0,nan,nan,nan,nan,nan
2204,0,nan,nan,nan,nan,nan
2205,0,nan,nan,nan,nan,nan
2206,0,nan,nan,nan,nan,nan
2207,0,nan,nan,nan,nan,nan
2208,0,nan,nan,nan,nan,nan
2209,0,nan,nan,nan,nan,nan
2210,0,nan,nan,nan,nan,nan
2211,0,nan,nan,nan,nan,nan
2212,0,nan,nan,nan,nan,nan
2213,0,nan,nan,nan,nan,nan
2214,0,nan,nan,nan,nan,nan
2215,0,nan,nan,nan,nan,nan
2216,0,nan,nan,nan,nan,nan
2217,0,nan,nan,nan,nan,nan
2218,0,nan,nan,nan,nan,nan
2219,0,nan,nan,nan,nan,nan
2220,0,nan,nan,nan,nan,nan
2221,0,nan,nan,nan,nan,nan
2222,0,nan,nan,nan,nan,nan
2223,0,nan,nan,nan,nan,nan
2224,0,nan,nan,nan,nan,nan
2225,0,nan,nan,nan,nan,nan
2226,0,nan,nan,nan,nan,nan
2227,0,nan,nan,nan,nan,nan
2228,0,nan,nan,nan,nan,nan
2229,0,nan,nan,nan,nan,nan
2230,0,nan,nan,nan,nan,nan
2231,0,nan,nan,nan,nan,nan
2232,0,nan,nan,nan,nan,nan
2233,0,nan,nan,nan,nan,nan
2234,0,nan,nan,nan,nan,nan
2235,0,nan,nan,nan,nan,nan
2236,0,nan,nan,nan,nan,nan
2237,0,nan,nan,nan,nan,nan
2238,0,nan,nan,nan,nan,nan
2239,0,nan,nan,nan,nan,nan
2240,0,nan,nan,nan,nan,nan
2241,0,nan,nan,nan,nan,nan
2242,0,nan,nan,nan,nan,nan
2243,0,nan,nan,nan,nan,nan
2244,0,nan,nan,nan,nan,nan
2245,0,nan,nan,nan,nan,nan
2246,0,nan,nan,nan,nan,nan
2247,0,nan,nan,nan,nan,nan
2248,0,nan,nan,nan,nan,nan
2249,0,nan,nan,nan,nan,nan
2250,0,nan,nan,nan,nan,nan
2251,0,nan,nan,nan,nan,nan
2252,0,nan,nan,nan,nan,nan
2253,0,nan,nan,nan,nan,nan
2254,0,nan,nan,nan,nan,nan
2255,0,nan,nan,nan,nan,nan
2256,0,nan,nan,nan,nan,nan
2257,0,nan,nan,nan,nan,nan
2258,0,nan,nan,nan,nan,nan
2259,0,nan,nan,nan,nan,nan
2260,0,nan,nan,nan,nan,nan
2261,0,nan,nan,nan,nan,nan
2262,0,nan,nan,nan,nan,nan
2263,0,nan,nan,nan,nan,nan
2264,0,nan,nan,nan,nan,nan
2265,0,nan,nan,nan,nan,nan
2266,0,nan,nan,nan,nan,nan
2267,0,nan,nan,nan,nan,nan
2268,0,nan,nan,nan,nan,nan
2269,0,nan,nan,nan,nan,nan
2270,0,nan,nan,nan,nan,nan
2271,0,nan,nan,nan,nan,nan
2272,0,nan,nan,nan,nan,nan
2273,0,nan,nan,nan,nan,nan
2274,0,nan,nan,nan,nan,nan
2275,0,nan,nan,nan,nan,nan
2276,0,nan,nan,nan,nan,nan
2277,0,nan,nan,nan,nan,nan
2278,0,nan,nan,nan,nan,nan
2279,0,nan,nan,nan,nan,nan
2280,0,nan,nan,nan,nan,nan
2281,0,nan,nan,nan,nan,nan
2282,0,nan,nan,nan,nan,nan
2283,0,nan,nan,nan,nan,nan
2284,0,nan,nan,nan,nan,nan
2285,0,nan,nan,nan,nan,nan
2286,0,nan,nan,nan,nan,nan
2287,0,nan,nan,nan,nan,nan
2288,0,nan,nan,nan,nan,nan
2289,0,nan,nan,nan,nan,nan
2290,0,nan,nan,nan,nan,nan
2291,0,nan,nan,nan,nan,nan
2292,0,nan,nan,nan,nan,nan
2293,0,nan,nan,nan,nan,nan
2294,0,nan,nan,nan,nan,nan
2295,0,nan,nan,nan,nan,nan
2296,0,nan,nan,nan,nan,nan
2297,0,nan,nan,nan,nan,nan
2298,0,nan,nan,nan,nan,nan
2299,0,nan,nan,nan,nan,nan
2300,0,nan,nan,nan,nan,nan
2301,0,nan,nan,nan,nan,nan
2302,0,nan,nan,nan,nan,nan
2303,0,nan,nan,nan,nan,nan
2304,0,nan,nan,nan,nan,nan
2305,0,nan,nan,nan,nan,nan
2306,0,nan,nan,nan,nan,nan
2307,0,nan,nan,nan,nan,nan
2308,0,nan,nan,nan,nan,nan
2309,0,nan,nan,nan,nan,nan
2310,0,nan,nan,nan,nan,nan
2311,0,nan,nan,nan,nan,nan
2312,0,nan,nan,nan,nan,nan
2313,0,nan,nan,nan,nan,nan
2314,0,nan,nan,nan,nan,nan
2315,0,nan,nan,nan,nan,nan
2316,0,nan,nan,nan,nan,nan
2317,0,nan,nan,nan,nan,nan
2318,0,nan,nan,nan,nan,nan
2319,0,nan,nan,nan,nan,nan
2320,0,nan,nan,nan,nan,nan
2321,0,nan,nan,nan,nan,nan
2322,0,nan,nan,nan,nan,nan
2323,0,nan,nan,nan,nan,nan
2324,0,nan,nan,nan,nan,nan
2325,0,nan,nan,nan,nan,nan
2326,0,nan,nan,nan,nan,nan
2327,0,nan,nan,nan,nan,nan
2328,0,nan,nan,nan,nan,nan
2329,0,nan,nan,nan,nan,nan
2330,0,nan,nan,nan,nan,nan
2331,0,nan,nan,nan,nan,nan
2332,0,nan,nan,nan,nan,nan
2333,0,nan,nan,nan,nan,nan
2334,0,nan,nan,nan,nan,nan
2335,0,nan,nan,nan,nan,nan
2336,0,nan,nan,nan,nan,nan
2337,0,nan,nan,nan,nan,nan
2338,0,nan,nan,nan,nan,nan
2339,0,nan,nan,nan,nan,nan
2340,0,nan,nan,nan,nan,nan
2341,0,nan,nan,nan,nan,nan
2342,0,nan,nan,nan,nan,nan
2343,0,nan,nan,nan,nan,nan
2344,0,nan,nan,nan,nan,nan
2345,0,nan,nan,nan,nan,nan
2346,0,nan,nan,nan,nan,nan
2347,0,nan,nan,nan,nan,nan
2348,0,nan,nan,nan,nan,nan
2349,0,nan,nan,nan,nan,nan
2350,0,nan,nan,nan,nan,nan
2351,0,nan,nan,nan,nan,nan
2352,0,nan,nan,nan,nan,nan
2353,0,nan,nan,nan,nan,nan
2354,0,nan,nan,nan,nan,nan
2355,0,nan,nan,nan,nan,nan
2356,0,nan,nan,nan,nan,nan
2357,0,nan,nan,nan,nan,nan
2358,0,nan,nan,nan,nan,nan
2359,0,nan,nan,nan,nan,nan
2360,0,nan,nan,nan,nan,nan
2361,0,nan,nan,nan,nan,nan
2362,0,nan,nan,nan,nan,nan
2363,0,nan,nan,nan,nan,nan
2364,0,nan,nan,nan,nan,nan
2365,0,nan,nan,nan,nan,nan
2366,0,nan,nan,nan,nan,nan
2367,0,nan,nan,nan,nan,nan
2368,0,nan,nan,nan,nan,nan
2369,0,nan,nan,nan,nan,nan
2370,0,nan,nan,nan,nan,nan
2371,0,nan,nan,nan,nan,nan
2372,0,nan,nan,nan,nan,nan
2373,0,nan,nan,nan,nan,nan
2374,0,nan,nan,nan,nan,nan
2375,0,nan,nan,nan,nan,nan
2376,0,nan,nan,nan,nan,nan
2377,0,nan,nan,nan,nan,nan
2378,0,nan,nan,nan,nan,nan
2379,0,nan,nan,nan,nan,nan
2380,0,nan,nan,nan,nan,nan
2381,0,nan,nan,nan,nan,nan
2382,0,nan,nan,nan,nan,nan
2383,0,nan,nan,nan,nan,nan
2384,0,nan,nan,nan,nan,nan
2385,0,nan,nan,nan,nan,nan
2386,0,nan,nan,nan,nan,nan
2387,0,nan,nan,nan,nan,nan
2388,0,nan,nan,nan,nan,nan
2389,0,nan,nan,nan,nan,nan
2390,0,nan,nan,nan,nan,nan
2391,0,nan,nan,nan,nan,nan
2392,0,nan,nan,nan,nan,nan
2393,0,nan,nan,nan,nan,nan
2394,0,nan,nan,nan,nan,nan
2395,0,nan,nan,nan,nan,nan
2396,0,nan,nan,nan,nan,nan
2397,0,nan,nan,nan,nan,nan
2398,0,nan,nan,nan,nan,nan
2399,0,nan,nan,nan,nan,nan
2400,0,nan,nan,nan,nan,nan
2401,0,nan,nan,nan,nan,nan
2402,0,nan,nan,nan,nan,nan
2403,0,nan,nan,nan,nan,nan
2404,0,nan,nan,nan,nan,nan
2405,0,nan,nan,nan,nan,nan
2406,0,nan,nan,nan,nan,nan
2407,0,nan,nan,nan,nan,nan
2408,0,nan,nan,nan,nan,nan
2409,0,nan,nan,nan,nan,nan
2410,0,nan,nan,nan,nan,nan
2411,0,nan,nan,nan,nan,nan
2412,0,nan,nan,nan,nan,nan
2413,0,nan,nan,nan,nan,nan
2414,0,nan,nan,nan,nan,nan
2415,0,nan,nan,nan,nan,nan
2416,0,nan,nan,nan,nan,nan
2417,0,nan,nan,nan,nan,nan
2418,0,nan,nan,nan,nan,nan
2419,0,nan,nan,nan,nan,nan
2420,0,nan,nan,nan,nan,nan
2421,0,nan,nan,nan,nan,nan
2422,0,nan,nan,nan,nan,nan
2423,0,nan,nan,nan,nan,nan
2424,0,nan,nan,nan,nan,nan
2425,0,nan,nan,nan,nan,nan
2426,0,nan,nan,nan,nan,nan
2427,0,nan,nan,nan,nan,nan
2428,0,nan,nan,nan,nan,nan
2429,0,nan,nan,nan,nan,nan
2430,0,nan,nan,nan,nan,nan
2431,0,nan,nan,nan,nan,nan
2432,0,nan,nan,nan,nan,nan
2433,0,nan,nan,nan,nan,nan
2434,0,nan,nan,nan,nan,nan
2435,0,nan,nan,nan,nan,nan
2436,0,nan,nan,nan,nan,nan
2437,0,nan,nan,nan,nan,nan
2438,0,nan,nan,nan,nan,nan
2439,0,nan,nan,nan,nan,nan
2440,0,nan,nan,nan,nan,nan
2441,0,nan,nan,nan,nan,nan
2442,0,nan,nan,nan,nan,nan
2443,0,nan,nan,nan,nan,nan
2444,0,nan,nan,nan,nan,nan
2445,0,nan,nan,nan,nan,nan
2446,0,nan,nan,nan,nan,nan
2447,0,nan,nan,nan,nan,nan
2448,0,nan,nan,nan,nan,nan
2449,0,nan,nan,nan,nan,nan
2450,0,nan,nan,nan,nan,nan
2451,0,nan,nan,nan,nan,nan
2452,0,nan,nan,nan,nan,nan
2453,0,nan,nan,nan,nan,nan
2454,0,nan,nan,nan,nan,nan
2455,0,nan,nan,nan,nan,nan
2456,0,nan,nan,nan,nan,nan
2457,0,nan,nan,nan,nan,nan
2458,0,nan,nan,nan,nan,nan
2459,0,nan,nan,nan,nan,nan
2460,0,nan,nan,nan,nan,nan
2461,0,nan,nan,nan,nan,nan
2462,0,nan,nan,nan,nan,nan
2463,0,nan,nan,nan,nan,nan
2464,0,nan,nan,nan,nan,nan
2465,0,nan,nan,nan,nan,nan
2466,0,nan,nan,nan,nan,nan
2467,0,nan,nan,nan,nan,nan
2468,0,nan,nan,nan,nan,nan
2469,0,nan,nan,nan,nan,nan
2470,0,nan,nan,nan,nan,nan
2471,0,nan,nan,nan,nan,nan
2472,0,nan,nan,nan,nan,nan
2473,0,nan,nan,nan,nan,nan
2474,0,nan,nan,nan,nan,nan
2475,0,nan,nan,nan,nan,nan
2476,0,nan,nan,nan,nan,nan
2477,0,nan,nan,nan,nan,nan
2478,0,nan,nan,nan,nan,nan
2479,0,nan,nan,nan,nan,nan
2480,0,nan,nan,nan,nan,nan
2481,0,nan,nan,nan,nan,nan
2482,0,nan,nan,nan,nan,nan
2483,0,nan,nan,nan,nan,nan
2484,0,nan,nan,nan,nan,nan
2485,0,nan,nan,nan,nan,nan
2486,0,nan,nan,nan,nan,nan
2487,0,nan,nan,nan,nan,nan
2488,0,nan,nan,nan,nan,nan
2489,0,nan,nan,nan,nan,nan
2490,0,nan,nan,nan,nan,nan
2491,0,nan,nan,nan,nan,nan
2492,0,nan,nan,nan,nan,nan
2493,0,nan,nan,nan,nan,nan
2494,0,nan,nan,nan,nan,nan
2495,0,nan,nan,nan,nan,nan
2496,0,nan,nan,nan,nan,nan
2497,0,nan,nan,nan,nan,nan
2498,0,nan,nan,nan,nan,nan
2499,0,nan,nan,nan,nan,nan
2500,0,nan,nan,nan,nan,nan
2501,0,nan,nan,nan,nan,nan
2502,0,nan,nan,nan,nan,nan
2503,0,nan,nan,nan,nan,nan
2504,0,nan,nan,nan,nan,nan
2505,0,nan,nan,nan,nan,nan
2506,0,nan,nan,nan,nan,nan
2507,0,nan,nan,nan,nan,nan
2508,0,nan,nan,nan,nan,nan
2509,0,nan,nan,nan,nan,nan
2510,0,nan,nan,nan,nan,nan
2511,0,nan,nan,nan,nan,nan
2512,0,nan,nan,nan,nan,nan
2513,0,nan,nan,nan,nan,nan
2514,0,nan,nan,nan,nan,nan
2515,0,nan,nan,nan,nan,nan
2516,0,nan,nan,nan,nan,nan
2517,0,nan,nan,nan,nan,nan
2518,0,nan,nan,nan,nan,nan
2519,0,nan,nan,nan,nan,nan
2520,0,nan,nan,nan,nan,nan
2521,0,nan,nan,nan,nan,nan
2522,0,nan,nan,nan,nan,nan
2523,0,nan,nan,nan,nan,nan
2524,0,nan,nan,nan,nan,nan
2525,0,nan,nan,nan,nan,nan
2526,0,nan,nan,nan,nan,nan
2527,0,nan,nan,nan,nan,nan
2528,0,nan,nan,nan,nan,nan
2529,0,nan,nan,nan,nan,nan
2530,0,nan,nan,nan,nan,nan
2531,0,nan,nan,nan,nan,nan
2532,0,nan,nan,nan,nan,nan
2533,0,nan,nan,nan,nan,nan
2534,0,nan,nan,nan,nan,nan
2535,0,nan,nan,nan,nan,nan
2536,0,nan,nan,nan,nan,nan
2537,0,nan,nan,nan,nan,nan
2538,0,nan,nan,nan,nan,nan
2539,0,nan,nan,nan,nan,nan
2540,0,nan,nan,nan,nan,nan
2541,0,nan,nan,nan,nan,nan
2542,0,nan,nan,nan,nan,nan
2543,0,nan,nan,nan,nan,nan
2544,0,nan,nan,nan,nan,nan
2545,0,nan,nan,nan,nan,nan
2546,0,nan,nan,nan,nan,nan
2547,0,nan,nan,nan,nan,nan
2548,0,nan,nan,nan,nan,nan
2549,0,nan,nan,nan,nan,nan
2550,0,nan,nan,nan,nan,nan
2551,0,nan,nan,nan,nan,nan
2552,0,nan,nan,nan,nan,nan
2553,0,nan,nan,nan,nan,nan
2554,0,nan,nan,nan,nan,nan
2555,0,nan,nan,nan,nan,nan
2556,0,nan,nan,nan,nan,nan
2557,0,nan,nan,nan,nan,nan
2558,0,nan,nan,nan,nan,nan
2559,0,nan,nan,nan,nan,nan
2560,0,nan,nan,nan,nan,nan
2561,0,nan,nan,nan,nan,nan
2562,0,nan,nan,nan,nan,nan
2563,0,nan,nan,nan,nan,nan
2564,0,nan,nan,nan,nan,nan
2565,0,nan,nan,nan,nan,nan
2566,0,nan,nan,nan,nan,nan
2567,0,nan,nan,nan,nan,nan
2568,0,nan,nan,nan,nan,nan
2569,0,nan,nan,nan,nan,nan
2570,0,nan,nan,nan,nan,nan
2571,0,nan,nan,nan,nan,nan
2572,0,nan,nan,nan,nan,nan
2573,0,nan,nan,nan,nan,nan
2574,0,nan,nan,nan,nan,nan
2575,0,nan,nan,nan,nan,nan
2576,0,nan,nan,nan,nan,nan
2577,0,nan,nan,nan,nan,nan
2578,0,nan,nan,nan,nan,nan
2579,0,nan,nan,nan,nan,nan
2580,0,nan,nan,nan,nan,nan
2581,0,nan,nan,nan,nan,nan
2582,0,nan,nan,nan,nan,nan
2583,0,nan,nan,nan,nan,nan
2584,0,nan,nan,nan,nan,nan
2585,0,nan,nan,nan,nan,nan
2586,0,nan,nan,nan,nan,nan
2587,0,nan,nan,nan,nan,nan
2588,0,nan,nan,nan,nan,nan
2589,0,nan,nan,nan,nan,nan
2590,0,nan,nan,nan,nan,nan
2591,0,nan,nan,nan,nan,nan
2592,0,nan,nan,nan,nan,nan
2593,0,nan,nan,nan,nan,nan
2594,0,nan,nan,nan,nan,nan
2595,0,nan,nan,nan,nan,nan
2596,0,nan,nan,nan,nan,nan
2597,0,nan,nan,nan,nan,nan
2598,0,nan,nan,nan,nan,nan
2599,0,nan,nan,nan,nan,nan
2600,0,nan,nan,nan,nan,nan
2601,0,nan,nan,nan,nan,nan
2602,0,nan,nan,nan,nan,nan
2603,0,nan,nan,nan,nan,nan
2604,0,nan,nan,nan,nan,nan
2605,0,nan,nan,nan,nan,nan
2606,0,nan,nan,nan,nan,nan
2607,0,nan,nan,nan,nan,nan
2608,0,nan,nan,nan,nan,nan
2609,0,nan,nan,nan,nan,nan
2610,0,nan,nan,nan,nan,nan
2611,0,nan,nan,nan,nan,nan
2612,0,nan,nan,nan,nan,nan
2613,0,nan,nan,nan,nan,nan
2614,0,nan,nan,nan,nan,nan
2615,0,nan,nan,nan,nan,nan
2616,0,nan,nan,nan,nan,nan
2617,0,nan,nan,nan,nan,nan
2618,0,nan,nan,nan,nan,nan
2619,0,nan,nan,nan,nan,nan
2620,0,nan,nan,nan,nan,nan
2621,0,nan,nan,nan,nan,nan
2622,0,nan,nan,nan,nan,nan
2623,0,nan,nan,nan,nan,nan
2624,0,nan,nan,nan,nan,nan
2625,0,nan,nan,nan,nan,nan
2626,0,nan,nan,nan,nan,nan
2627,0,nan,nan,nan,nan,nan
2628,0,nan,nan,nan,nan,nan
2629,0,nan,nan,nan,nan,nan
2630,0,nan,nan,nan,nan,nan
2631,0,nan,nan,nan,nan,nan
2632,0,nan,nan,nan,nan,nan
2633,0,nan,nan,nan,nan,nan
2634,0,nan,nan,nan,nan,nan
2635,0,nan,nan,nan,nan,nan
2636,0,nan,nan,nan,nan,nan
2637,0,nan,nan,nan,nan,nan
2638,0,nan,nan,nan,nan,nan
2639,0,nan,nan,nan,nan,nan
2640,0,nan,nan,nan,nan,nan
2641,0,nan,nan,nan,nan,nan
2642,0,nan,nan,nan,nan,nan
2643,0,nan,nan,nan,nan,nan
2644,0,nan,nan,nan,nan,nan
2645,0,nan,nan,nan,nan,nan
2646,0,nan,nan,nan,nan,nan
2647,0,nan,nan,nan,nan,nan
2648,0,nan,nan,nan,nan,nan
2649,0,nan,nan,nan,nan,nan
2650,0,nan,nan,nan,nan,nan
2651,0,nan,nan,nan,nan,nan
2652,0,nan,nan,nan,nan,nan
2653,0,nan,nan,nan,nan,nan
2654,0,nan,nan,nan,nan,nan
2655,0,nan,nan,nan,nan,nan
2656,0,nan,nan,nan,nan,nan
2657,0,nan,nan,nan,nan,nan
2658,0,nan,nan,nan,nan,nan
2659,0,nan,nan,nan,nan,nan
2660,0,nan,nan,nan,nan,nan
2661,0,nan,nan,nan,nan,nan
2662,0,nan,nan,nan,nan,nan
2663,0,nan,nan,nan,nan,nan
2664,0,nan,nan,nan,nan,nan
2665,0,nan,nan,nan,nan,nan
2666,0,nan,nan,nan,nan,nan
2667,0,nan,nan,nan,nan,nan
2668,0,nan,nan,nan,nan,nan
2669,0,nan,nan,nan,nan,nan
2670,0,nan,nan,nan,nan,nan
2671,0,nan,nan,nan,nan,nan
2672,0,nan,nan,nan,nan,nan
2673,0,nan,nan,nan,nan,nan
2674,0,nan,nan,nan,nan,nan
2675,0,nan,nan,nan,nan,nan
2676,0,nan,nan,nan,nan,nan
2677,0,nan,nan,nan,nan,nan
2678,0,nan,nan,nan,nan,nan
2679,0,nan,nan,nan,nan,nan
2680,0,nan,nan,nan,nan,nan
2681,0,nan,nan,nan,nan,nan
2682,0,nan,nan,nan,nan,nan
2683,0,nan,nan,nan,nan,nan
2684,0,nan,nan,nan,nan,nan
2685,0,nan,nan,nan,nan,nan
2686,0,nan,nan,nan,nan,nan
2687,0,nan,nan,nan,nan,nan
2688,0,nan,nan,nan,nan,nan
2689,0,nan,nan,nan,nan,nan
2690,0,nan,nan,nan,nan,nan
2691,0,nan,nan,nan,nan,nan
2692,0,nan,nan,nan,nan,nan
2693,0,nan,nan,nan,nan,nan
2694,0,nan,nan,nan,nan,nan
2695,0,nan,nan,nan,nan,nan
2696,0,nan,nan,nan,nan,nan
2697,0,nan,nan,nan,nan,nan
2698,0,nan,nan,nan,nan,nan
2699,0,nan,nan,nan,nan,nan
2700,0,nan,nan,nan,nan,nan
2701,0,nan,nan,nan,nan,nan
2702,0,nan,nan,nan,nan,nan
2703,0,nan,nan,nan,nan,nan
2704,0,nan,nan,nan,nan,nan
2705,0,nan,nan,nan,nan,nan
2706,0,nan,nan,nan,nan,nan
2707,0,nan,nan,nan,nan,nan
2708,0,nan,nan,nan,nan,nan
2709,0,nan,nan,nan,nan,nan
2710,0,nan,nan,nan,nan,nan
2711,0,nan,nan,nan,nan,nan
2712,0,nan,nan,nan,nan,nan
2713,0,nan,nan,nan,nan,nan
2714,0,nan,nan,nan,nan,nan
2715,0,nan,nan,nan,nan,nan
2716,0,nan,nan,nan,nan,nan
2717,0,nan,nan,nan,nan,nan
2718,0,nan,nan,nan,nan,nan
2719,0,nan,nan,nan,nan,nan
2720,0,nan,nan,nan,nan,nan
2721,0,nan,nan,nan,nan,nan
2722,0,nan,nan,nan,nan,nan
2723,0,nan,nan,nan,nan,nan
2724,0,nan,nan,nan,nan,nan
2725,0,nan,nan,nan,nan,nan
2726,0,nan,nan,nan,nan,nan
2727,0,nan,nan,nan,nan,nan
2728,0,nan,nan,nan,nan,nan
2729,0,nan,nan,nan,nan,nan
2730,0,nan,nan,nan,nan,nan
2731,0,nan,nan,nan,nan,nan
2732,0,nan,nan,nan,nan,nan
2733,0,nan,nan,nan,nan,nan
2734,0,nan,nan,nan,nan,nan
2735,0,nan,nan,nan,nan,nan
2736,0,nan,nan,nan,nan,nan
2737,0,nan,nan,nan,nan,nan
2738,0,nan,nan,nan,nan,nan
2739,0,nan,nan,nan,nan,nan
2740,0,nan,nan,nan,nan,nan
2741,0,nan,nan,nan,nan,nan
2742,0,nan,nan,nan,nan,nan
2743,0,nan,nan,nan,nan,nan
2744,0,nan,nan,nan,nan,nan
2745,0,nan,nan,nan,nan,nan
2746,0,nan,nan,nan,nan,nan
2747,0,nan,nan,nan,nan,nan
2748,0,nan,nan,nan,nan,nan
2749,0,nan,nan,nan,nan,nan
2750,0,nan,nan,nan,nan,nan
2751,0,nan,nan,nan,nan,nan
2752,0,nan,nan,nan,nan,nan
2753,0,nan,nan,nan,nan,nan
2754,0,nan,nan,nan,nan,nan
2755,0,nan,nan,nan,nan,nan
2756,0,nan,nan,nan,nan,nan
2757,0,nan,nan,nan,nan,nan
2758,0,nan,nan,nan,nan,nan
2759,0,nan,nan,nan,nan,nan
2760,0,nan,nan,nan,nan,nan
2761,0,nan,nan,nan,nan,nan
2762,0,nan,nan,nan,nan,nan
2763,0,nan,nan,nan,nan,nan
2764,0,nan,nan,nan,nan,nan
2765,0,nan,nan,nan,nan,nan
2766,0,nan,nan,nan,nan,nan
2767,0,nan,nan,nan,nan,nan
2768,0,nan,nan,nan,nan,nan
2769,0,nan,nan,nan,nan,nan
2770,0,nan,nan,nan,nan,nan
2771,0,nan,nan,nan,nan,nan
2772,0,nan,nan,nan,nan,nan
2773,0,nan,nan,nan,nan,nan
2774,0,nan,nan,nan,nan,nan
2775,0,nan,nan,nan,nan,nan
2776,0,nan,nan,nan,nan,nan
2777,0,nan,nan,nan,nan,nan
2778,0,nan,nan,nan,nan,nan
2779,0,nan,nan,nan,nan,nan
2780,0,nan,nan,nan,nan,nan
2781,0,nan,nan,nan,nan,nan
2782,0,nan,nan,nan,nan,nan
2783,0,nan,nan,nan,nan,nan
2784,0,nan,nan,nan,nan,nan
2785,0,nan,nan,nan,nan,nan
2786,0,nan,nan,nan,nan,nan
2787,0,nan,nan,nan,nan,nan
2788,0,nan,nan,nan,nan,nan
2789,0,nan,nan,nan,nan,nan
2790,0,nan,nan,nan,nan,nan
2791,0,nan,nan,nan,nan,nan
2792,0,nan,nan,nan,nan,nan
2793,0,nan,nan,nan,nan,nan
2794,0,nan,nan,nan,nan,nan
2795,0,nan,nan,nan,nan,nan
2796,0,nan,nan,nan,nan,nan
2797,0,nan,nan,nan,nan,nan
2798,0,nan,nan,nan,nan,nan
2799,0,nan,nan,nan,nan,nan
2800,0,nan,nan,nan,nan,nan
2801,0,nan,nan,nan,nan,nan
2802,0,nan,nan,nan,nan,nan
2803,0,nan,nan,nan,nan,nan
2804,0,nan,nan,nan,nan,nan
2805,0,nan,nan,nan,nan,nan
2806,0,nan,nan,nan,nan,nan
2807,0,nan,nan,nan,nan,nan
2808,0,nan,nan,nan,nan,nan
2809,0,nan,nan,nan,nan,nan
2810,0,nan,nan,nan,nan,nan
2811,0,nan,nan,nan,nan,nan
2812,0,nan,nan,nan,nan,nan
2813,0,nan,nan,nan,nan,nan
2814,0,nan,nan,nan,nan,nan
2815,0,nan,nan,nan,nan,nan
2816,0,nan,nan,nan,nan,nan
2817,0,nan,nan,nan,nan,nan
2818,0,nan,nan,nan,nan,nan
2819,0,nan,nan,nan,nan,nan
2820,0,nan,nan,nan,nan,nan
2821,0,nan,nan,nan,nan,nan
2822,0,nan,nan,nan,nan,nan
2823,0,nan,nan,nan,nan,nan
2824,0,nan,nan,nan,nan,nan
2825,0,nan,nan,nan,nan,nan
2826,0,nan,nan,nan,nan,nan
2827,0,nan,nan,nan,nan,nan
2828,0,nan,nan,nan,nan,nan
2829,0,nan,nan,nan,nan,nan
2830,0,nan,nan,nan,nan,nan
2831,0,nan,nan,nan,nan,nan
2832,0,nan,nan,nan,nan,nan
2833,0,nan,nan,nan,nan,nan
2834,0,nan,nan,nan,nan,nan
2835,0,nan,nan,nan,nan,nan
2836,0,nan,nan,nan,nan,nan
2837,0,nan,nan,nan,nan,nan
2838,0,nan,nan,nan,nan,nan
2839,0,nan,nan,nan,nan,nan
2840,0,nan,nan,nan,nan,nan
2841,0,nan,nan,nan,nan,nan
2842,0,nan,nan,nan,nan,nan
2843,0,nan,nan,nan,nan,nan
2844,0,nan,nan,nan,nan,nan
2845,0,nan,nan,nan,nan,nan
2846,0,nan,nan,nan,nan,nan
2847,0,nan,nan,nan,nan,nan
2848,0,nan,nan,nan,nan,nan
2849,0,nan,nan,nan,nan,nan
2850,0,nan,nan,nan,nan,nan
2851,0,nan,nan,nan,nan,nan
2852,0,nan,nan,nan,nan,nan
2853,0,nan,nan,nan,nan,nan
2854,0,nan,nan,nan,nan,nan
2855,0,nan,nan,nan,nan,nan
2856,0,nan,nan,nan,nan,nan
2857,0,nan,nan,nan,nan,nan
2858,0,nan,nan,nan,nan,nan
2859,0,nan,nan,nan,nan,nan
2860,0,nan,nan,nan,nan,nan
2861,0,nan,nan,nan,nan,nan
2862,0,nan,nan,nan,nan,nan
2863,0,nan,nan,nan,nan,nan
2864,0,nan,nan,nan,nan,nan
2865,0,nan,nan,nan,nan,nan
2866,0,nan,nan,nan,nan,nan
2867,0,nan,nan,nan,nan,nan
2868,0,nan,nan,nan,nan,nan
2869,0,nan,nan,nan,nan,nan
2870,0,nan,nan,nan,nan,nan
2871,0,nan,nan,nan,nan,nan
2872,0,nan,nan,nan,nan,nan
2873,0,nan,nan,nan,nan,nan
2874,0,nan,nan,nan,nan,nan
2875,0,nan,nan,nan,nan,nan
2876,0,nan,nan,nan,nan,nan
2877,0,nan,nan,nan,nan,nan
2878,0,nan,nan,nan,nan,nan
2879,0,nan,nan,nan,nan,nan
2880,0,nan,nan,nan,nan,nan
2881,0,nan,nan,nan,nan,nan
2882,0,nan,nan,nan,nan,nan
2883,0,nan,nan,nan,nan,nan
2884,0,nan,nan,nan,nan,nan
2885,0,nan,nan,nan,nan,nan
2886,0,nan,nan,nan,nan,nan
2887,0,nan,nan,nan,nan,nan
2888,0,nan,nan,nan,nan,nan
2889,0,nan,nan,nan,nan,nan
2890,0,nan,nan,nan,nan,nan
2891,0,nan,nan,nan,nan,nan
2892,0,nan,nan,nan,nan,nan
2893,0,nan,nan,nan,nan,nan
2894,0,nan,nan,nan,nan,nan
2895,0,nan,nan,nan,nan,nan
2896,0,nan,nan,nan,nan,nan
2897,0,nan,nan,nan,nan,nan
2898,0,nan,nan,nan,nan,nan
2899,0,nan,nan,nan,nan,nan
2900,0,nan,nan,nan,nan,nan
2901,0,nan,nan,nan,nan,nan
2902,0,nan,nan,nan,nan,nan
2903,0,nan,nan,nan,nan,nan
2904,0,nan,nan,nan,nan,nan
2905,0,nan,nan,nan,nan,nan
2906,0,nan,nan,nan,nan,nan
2907,0,nan,nan,nan,nan,nan
2908,0,nan,nan,nan,nan,nan
2909,0,nan,nan,nan,nan,nan
2910,0,nan,nan,nan,nan,nan
2911,0,nan,nan,nan,nan,nan
2912,0,nan,nan,nan,nan,nan
2913,0,nan,nan,nan,nan,nan
2914,0,nan,nan,nan,nan,nan
2915,0,nan,nan,nan,nan,nan
2916,0,nan,nan,nan,nan,nan
2917,0,nan,nan,nan,nan,nan
2918,0,nan,nan,nan,nan,nan
2919,0,nan,nan,nan,nan,nan
2920,0,nan,nan,nan,nan,nan
2921,0,nan,nan,nan,nan,nan
2922,0,nan,nan,nan,nan,nan
2923,0,nan,nan,nan,nan,nan
2924,0,nan,nan,nan,nan,nan
2925,0,nan,nan,nan,nan,nan
2926,0,nan,nan,nan,nan,nan
2927,0,nan,nan,nan,nan,nan
2928,0,nan,nan,nan,nan,nan
2929,0,nan,nan,nan,nan,nan
2930,0,nan,nan,nan,nan,nan
2931,0,nan,nan,nan,nan,nan
2932,0,nan,nan,nan,nan,nan
2933,0,nan,nan,nan,nan,nan
2934,0,nan,nan,nan,nan,nan
2935,0,nan,nan,nan,nan,nan
2936,0,nan,nan,nan,nan,nan
2937,0,nan,nan,nan,nan,nan
2938,0,nan,nan,nan,nan,nan
2939,0,nan,nan,nan,nan,nan
2940,0,nan,nan,nan,nan,nan
2941,0,nan,nan,nan,nan,nan
2942,0,nan,nan,nan,nan,nan
2943,0,nan,nan,nan,nan,nan
2944,0,nan,nan,nan,nan,nan
2945,0,nan,nan,nan,nan,nan
2946,0,nan,nan,nan,nan,nan
2947,0,nan,nan,nan,nan,nan
2948,0,nan,nan,nan,nan,nan
2949,0,nan,nan,nan,nan,nan
2950,0,nan,nan,nan,nan,nan
2951,0,nan,nan,nan,nan,nan
2952,0,nan,nan,nan,nan,nan
2953,0,nan,nan,nan,nan,nan
2954,0,nan,nan,nan,nan,nan
2955,0,nan,nan,nan,nan,nan
2956,0,nan,nan,nan,nan,nan
2957,0,nan,nan,nan,nan,nan
2958,0,nan,nan,nan,nan,nan
2959,0,nan,nan,nan,nan,nan
2960,0,nan,nan,nan,nan,nan
2961,0,nan,nan,nan,nan,nan
2962,0,nan,nan,nan,nan,nan
2963,0,nan,nan,nan,nan,nan
2964,0,nan,nan,nan,nan,nan
2965,0,nan,nan,nan,nan,nan
2966,0,nan,nan,nan,nan,nan
2967,0,nan,nan,nan,nan,nan
2968,0,nan,nan,nan,nan,nan
2969,0,nan,nan,nan,nan,nan
2970,0,nan,nan,nan,nan,nan
2971,0,nan,nan,nan,nan,nan
2972,0,nan,nan,nan,nan,nan
2973,0,nan,nan,nan,nan,nan
2974,0,nan,nan,nan,nan,nan
2975,0,nan,nan,nan,nan,nan
2976,0,nan,nan,nan,nan,nan
2977,0,nan,nan,nan,nan,nan
2978,0,nan,nan,nan,nan,nan
2979,0,nan,nan,nan,nan,nan
2980,0,nan,nan,nan,nan,nan
2981,0,nan,nan,nan,nan,nan
2982,0,nan,nan,nan,nan,nan
2983,0,nan,nan,nan,nan,nan
2984,0,nan,nan,nan,nan,nan
2985,0,nan,nan,nan,nan,nan
2986,0,nan,nan,nan,nan,nan
2987,0,nan,nan,nan,nan,nan
2988,0,nan,nan,nan,nan,nan
2989,0,nan,nan,nan,nan,nan
2990,0,nan,nan,nan,nan,nan
2991,0,nan,nan,nan,nan,nan
2992,0,nan,nan,nan,nan,nan
2993,0,nan,nan,nan,nan,nan
2994,0,nan,nan,nan,nan,nan
2995,0,nan,nan,nan,nan,nan
2996,0,nan,nan,nan,nan,nan
2997,0,nan,nan,nan,nan,nan
2998,0,nan,nan,nan,nan,nan
2999,0,nan,nan,nan,nan,nan
3000,0,nan,nan,nan,nan,nan
3001,0,nan,nan,nan,nan,nan
3002,0,nan,nan,nan,nan,nan
3003,0,nan,nan,nan,nan,nan
3004,0,nan,nan,nan,nan,nan
3005,0,nan,nan,nan,nan,nan
3006,0,nan,nan,nan,nan,nan
3007,0,nan,nan,nan,nan,nan
3008,0,nan,nan,nan,nan,nan
3009,0,nan,nan,nan,nan,nan
3010,0,nan,nan,nan,nan,nan
3011,0,nan,nan,nan,nan,nan
3012,0,nan,nan,nan,nan,nan
3013,0,nan,nan,nan,nan,nan
3014,0,nan,nan,nan,nan,nan
3015,0,nan,nan,nan,nan,nan
3016,0,nan,nan,nan,nan,nan
3017,0,nan,nan,nan,nan,nan
3018,0,nan,nan,nan,nan,nan
3019,0,nan,nan,nan,nan,nan
3020,0,nan,nan,nan,nan,nan
3021,0,nan,nan,nan,nan,nan
3022,0,nan,nan,nan,nan,nan
3023,0,nan,nan,nan,nan,nan
3024,0,nan,nan,nan,nan,nan
3025,0,nan,nan,nan,nan,nan
3026,0,nan,nan,nan,nan,nan
3027,0,nan,nan,nan,nan,nan
3028,0,nan,nan,nan,nan,nan
3029,0,nan,nan,nan,nan,nan
3030,0,nan,nan,nan,nan,nan
3031,0,nan,nan,nan,nan,nan
3032,0,nan,nan,nan,nan,nan
3033,0,nan,nan,nan,nan,nan
3034,0,nan,nan,nan,nan,nan
3035,0,nan,nan,nan,nan,nan
3036,0,nan,nan,nan,nan,nan
3037,0,nan,nan,nan,nan,nan
3038,0,nan,nan,nan,nan,nan
3039,0,nan,nan,nan,nan,nan
3040,0,nan,nan,nan,nan,nan
3041,0,nan,nan,nan,nan,nan
3042,0,nan,nan,nan,nan,nan
3043,0,nan,nan,nan,nan,nan
3044,0,nan,nan,nan,nan,nan
3045,0,nan,nan,nan,nan,nan
3046,0,nan,nan,nan,nan,nan
3047,0,nan,nan,nan,nan,nan
3048,0,nan,nan,nan,nan,nan
3049,0,nan,nan,nan,nan,nan
3050,0,nan,nan,nan,nan,nan
3051,0,nan,nan,nan,nan,nan
3052,0,nan,nan,nan,nan,nan
3053,0,nan,nan,nan,nan,nan
3054,0,nan,nan,nan,nan,nan
3055,0,nan,nan,nan,nan,nan
3056,0,nan,nan,nan,nan,nan
3057,0,nan,nan,nan,nan,nan
3058,0,nan,nan,nan,nan,nan
3059,0,nan,nan,nan,nan,nan
3060,0,nan,nan,nan,nan,nan
3061,0,nan,nan,nan,nan,nan
3062,0,nan,nan,nan,nan,nan
3063,0,nan,nan,nan,nan,nan
3064,0,nan,nan,nan,nan,nan
3065,0,nan,nan,nan,nan,nan
3066,0,nan,nan,nan,nan,nan
3067,0,nan,nan,nan,nan,nan
3068,0,nan,nan,nan,nan,nan
3069,0,nan,nan,nan,nan,nan
3070,0,nan,nan,nan,nan,nan
3071,0,nan,nan,nan,nan,nan
3072,0,nan,nan,nan,nan,nan
3073,0,nan,nan,nan,nan,nan
3074,0,nan,nan,nan,nan,nan
3075,0,nan,nan,nan,nan,nan
3076,0,nan,nan,nan,nan,nan
3077,0,nan,nan,nan,nan,nan
3078,0,nan,nan,nan,nan,nan
3079,0,nan,nan,nan,nan,nan
3080,0,nan,nan,nan,nan,nan
3081,0,nan,nan,nan,nan,nan
3082,0,nan,nan,nan,nan,nan
3083,0,nan,nan,nan,nan,nan
3084,0,nan,nan,nan,nan,nan
3085,0,nan,nan,nan,nan,nan
3086,0,nan,nan,nan,nan,nan
3087,0,nan,nan,nan,nan,nan
3088,0,nan,nan,nan,nan,nan
3089,0,nan,nan,nan,nan,nan
3090,0,nan,nan,nan,nan,nan
3091,0,nan,nan,nan,nan,nan
3092,0,nan,nan,nan,nan,nan
3093,0,nan,nan,nan,nan,nan
3094,0,nan,nan,nan,nan,nan
3095,0,nan,nan,nan,nan,nan
3096,0,nan,nan,nan,nan,nan
3097,0,nan,nan,nan,nan,nan
3098,0,nan,nan,nan,nan,nan
3099,0,nan,nan,nan,nan,nan
3100,0,nan,nan,nan,nan,nan
3101,0,nan,nan,nan,nan,nan
3102,0,nan,nan,nan,nan,nan
3103,0,nan,nan,nan,nan,nan
3104,0,nan,nan,nan,nan,nan
3105,0,nan,nan,nan,nan,nan
3106,0,nan,nan,nan,nan,nan
3107,0,nan,nan,nan,nan,nan
3108,0,nan,nan,nan,nan,nan
3109,0,nan,nan,nan,nan,nan
3110,0,nan,nan,nan,nan,nan
3111,0,nan,nan,nan,nan,nan
3112,0,nan,nan,nan,nan,nan
3113,0,nan,nan,nan,nan,nan
3114,0,nan,nan,nan,nan,nan
3115,0,nan,nan,nan,nan,nan
3116,0,nan,nan,nan,nan,nan
3117,0,nan,nan,nan,nan,nan
3118,0,nan,nan,nan,nan,nan
3119,0,nan,nan,nan,nan,nan
3120,0,nan,nan,nan,nan,nan
3121,0,nan,nan,nan,nan,nan
3122,0,nan,nan,nan,nan,nan
3123,0,nan,nan,nan,nan,nan
3124,0,nan,nan,nan,nan,nan
3125,0,nan,nan,nan,nan,nan
3126,0,nan,nan,nan,nan,nan
3127,0,nan,nan,nan,nan,nan
3128,0,nan,nan,nan,nan,nan
3129,0,nan,nan,nan,nan,nan
3130,0,nan,nan,nan,nan,nan
3131,0,nan,nan,nan,nan,nan
3132,0,nan,nan,nan,nan,nan
3133,0,nan,nan,nan,nan,nan
3134,0,nan,nan,nan,nan,nan
3135,0,nan,nan,nan,nan,nan
3136,0,nan,nan,nan,nan,nan
3137,0,nan,nan,nan,nan,nan
3138,0,nan,nan,nan,nan,nan
3139,0,nan,nan,nan,nan,nan
3140,0,nan,nan,nan,nan,nan
3141,0,nan,nan,nan,nan,nan
3142,0,nan,nan,nan,nan,nan
3143,0,nan,nan,nan,nan,nan
3144,0,nan,nan,nan,nan,nan
3145,0,nan,nan,nan,nan,nan
3146,0,nan,nan,nan,nan,nan
3147,0,nan,nan,nan,nan,nan
3148,0,nan,nan,nan,nan,nan
3149,0,nan,nan,nan,nan,nan
3150,0,nan,nan,nan,nan,nan
3151,0,nan,nan,nan,nan,nan
3152,0,nan,nan,nan,nan,nan
3153,0,nan,nan,nan,nan,nan
3154,0,nan,nan,nan,nan,nan
3155,0,nan,nan,nan,nan,nan
3156,0,nan,nan,nan,nan,nan
3157,0,nan,nan,nan,nan,nan
3158,0,nan,nan,nan,nan,nan
3159,0,nan,nan,nan,nan,nan
3160,0,nan,nan,nan,nan,nan
3161,0,nan,nan,nan,nan,nan
3162,0,nan,nan,nan,nan,nan
3163,0,nan,nan,nan,nan,nan
3164,0,nan,nan,nan,nan,nan
3165,0,nan,nan,nan,nan,nan
3166,0,nan,nan,nan,nan,nan
3167,0,nan,nan,nan,nan,nan
3168,0,nan,nan,nan,nan,nan
3169,0,nan,nan,nan,nan,nan
3170,0,nan,nan,nan,nan,nan
3171,0,nan,nan,nan,nan,nan
3172,0,nan,nan,nan,nan,nan
3173,0,nan,nan,nan,nan,nan
3174,0,nan,nan,nan,nan,nan
3175,0,nan,nan,nan,nan,nan
3176,0,nan,nan,nan,nan,nan
3177,0,nan,nan,nan,nan,nan
3178,0,nan,nan,nan,nan,nan
3179,0,nan,nan,nan,nan,nan
3180,0,nan,nan,nan,nan,nan
3181,0,nan,nan,nan,nan,nan
3182,0,nan,nan,nan,nan,nan
3183,0,nan,nan,nan,nan,nan
3184,0,nan,nan,nan,nan,nan
3185,0,nan,nan,nan,nan,nan
3186,0,nan,nan,nan,nan,nan
3187,0,nan,nan,nan,nan,nan
3188,0,nan,nan,nan,nan,nan
3189,0,nan,nan,nan,nan,nan
3190,0,nan,nan,nan,nan,nan
3191,0,nan,nan,nan,nan,nan
3192,0,nan,nan,nan,nan,nan
3193,0,nan,nan,nan,nan,nan
3194,0,nan,nan,nan,nan,nan
3195,0,nan,nan,nan,nan,nan
3196,0,nan,nan,nan,nan,nan
3197,0,nan,nan,nan,nan,nan
3198,0,nan,nan,nan,nan,nan
3199,0,nan,nan,nan,nan,nan
3200,0,nan,nan,nan,nan,nan
3201,0,nan,nan,nan,nan,nan
3202,0,nan,nan,nan,nan,nan
3203,0,nan,nan,nan,nan,nan
3204,0,nan,nan,nan,nan,nan
3205,0,nan,nan,nan,nan,nan
3206,0,nan,nan,nan,nan,nan
3207,0,nan,nan,nan,nan,nan
3208,0,nan,nan,nan,nan,nan
3209,0,nan,nan,nan,nan,nan
3210,0,nan,nan,nan,nan,nan
3211,0,nan,nan,nan,nan,nan
3212,0,nan,nan,nan,nan,nan
3213,0,nan,nan,nan,nan,nan
3214,0,nan,nan,nan,nan,nan
3215,0,nan,nan,nan,nan,nan
3216,0,nan,nan,nan,nan,nan
3217,0,nan,nan,nan,nan,nan
3218,0,nan,nan,nan,nan,nan
3219,0,nan,nan,nan,nan,nan
3220,0,nan,nan,nan,nan,nan
3221,0,nan,nan,nan,nan,nan
3222,0,nan,nan,nan,nan,nan
3223,0,nan,nan,nan,nan,nan
3224,0,nan,nan,nan,nan,nan
3225,0,nan,nan,nan,nan,nan
3226,0,nan,nan,nan,nan,nan
3227,0,nan,nan,nan,nan,nan
3228,0,nan,nan,nan,nan,nan
3229,0,nan,nan,nan,nan,nan
3230,0,nan,nan,nan,nan,nan
3231,0,nan,nan,nan,nan,nan
3232,0,nan,nan,nan,nan,nan
3233,0,nan,nan,nan,nan,nan
3234,0,nan,nan,nan,nan,nan
3235,0,nan,nan,nan,nan,nan
3236,0,nan,nan,nan,nan,nan
3237,0,nan,nan,nan,nan,nan
3238,0,nan,nan,nan,nan,nan
3239,0,nan,nan,nan,nan,nan
3240,0,nan,nan,nan,nan,nan
3241,0,nan,nan,nan,nan,nan
3242,0,nan,nan,nan,nan,nan
3243,0,nan,nan,nan,nan,nan
3244,0,nan,nan,nan,nan,nan
3245,0,nan,nan,nan,nan,nan
3246,0,nan,nan,nan,nan,nan
3247,0,nan,nan,nan,nan,nan
3248,0,nan,nan,nan,nan,nan
3249,0,nan,nan,nan,nan,nan
3250,0,nan,nan,nan,nan,nan
3251,0,nan,nan,nan,nan,nan
3252,0,nan,nan,nan,nan,nan
3253,0,nan,nan,nan,nan,nan
3254,0,nan,nan,nan,nan,nan
3255,0,nan,nan,nan,nan,nan
3256,0,nan,nan,nan,nan,nan
3257,0,nan,nan,nan,nan,nan
3258,0,nan,nan,nan,nan,nan
3259,0,nan,nan,nan,nan,nan
3260,0,nan,nan,nan,nan,nan
3261,0,nan,nan,nan,nan,nan
3262,0,nan,nan,nan,nan,nan
3263,0,nan,nan,nan,nan,nan
3264,0,nan,nan,nan,nan,nan
3265,0,nan,nan,nan,nan,nan
3266,0,nan,nan,nan,nan,nan
3267,0,nan,nan,nan,nan,nan
3268,0,nan,nan,nan,nan,nan
3269,0,nan,nan,nan,nan,nan
3270,0,nan,nan,nan,nan,nan
3271,0,nan,nan,nan,nan,nan
3272,0,nan,nan,nan,nan,nan
3273,0,nan,nan,nan,nan,nan
3274,0,nan,nan,nan,nan,nan
3275,0,nan,nan,nan,nan,nan
3276,0,nan,nan,nan,nan,nan
3277,0,nan,nan,nan,nan,nan
3278,0,nan,nan,nan,nan,nan
3279,0,nan,nan,nan,nan,nan
3280,0,nan,nan,nan,nan,nan
3281,0,nan,nan,nan,nan,nan
3282,0,nan,nan,nan,nan,nan
3283,0,nan,nan,nan,nan,nan
3284,0,nan,nan,nan,nan,nan
3285,0,nan,nan,nan,nan,nan
3286,0,nan,nan,nan,nan,nan
3287,0,nan,nan,nan,nan,nan
3288,0,nan,nan,nan,nan,nan
3289,0,nan,nan,nan,nan,nan
3290,0,nan,nan,nan,nan,nan
3291,0,nan,nan,nan,nan,nan
3292,0,nan,nan,nan,nan,nan
3293,0,nan,nan,nan,nan,nan
3294,0,nan,nan,nan,nan,nan
3295,0,nan,nan,nan,nan,nan
3296,0,nan,nan,nan,nan,nan
3297,0,nan,nan,nan,nan,nan
3298,0,nan,nan,nan,nan,nan
3299,0,nan,nan,nan,nan,nan
3300,0,nan,nan,nan,nan,nan
3301,0,nan,nan,nan,nan,nan
3302,0,nan,nan,nan,nan,nan
3303,0,nan,nan,nan,nan,nan
3304,0,nan,nan,nan,nan,nan
3305,0,nan,nan,nan,nan,nan
3306,0,nan,nan,nan,nan,nan
3307,0,nan,nan,nan,nan,nan
3308,0,nan,nan,nan,nan,nan
3309,0,nan,nan,nan,nan,nan
3310,0,nan,nan,nan,nan,nan
3311,0,nan,nan,nan,nan,nan
3312,0,nan,nan,nan,nan,nan
3313,0,nan,nan,nan,nan,nan
3314,0,nan,nan,nan,nan,nan
3315,0,nan,nan,nan,nan,nan
3316,0,nan,nan,nan,nan,nan
3317,0,nan,nan,nan,nan,nan
3318,0,nan,nan,nan,nan,nan
3319,0,nan,nan,nan,nan,nan
3320,0,nan,nan,nan,nan,nan
3321,0,nan,nan,nan,nan,nan
3322,0,nan,nan,nan,nan,nan
3323,0,nan,nan,nan,nan,nan
3324,0,nan,nan,nan,nan,nan
3325,0,nan,nan,nan,nan,nan
3326,0,nan,nan,nan,nan,nan
3327,0,nan,nan,nan,nan,nan
3328,0,nan,nan,nan,nan,nan
3329,0,nan,nan,nan,nan,nan
3330,0,nan,nan,nan,nan,nan
3331,0,nan,nan,nan,nan,nan
3332,0,nan,nan,nan,nan,nan
3333,0,nan,nan,nan,nan,nan
3334,0,nan,nan,nan,nan,nan
3335,0,nan,nan,nan,nan,nan
3336,0,nan,nan,nan,nan,nan
3337,0,nan,nan,nan,nan,nan
3338,0,nan,nan,nan,nan,nan
3339,0,nan,nan,nan,nan,nan
3340,0,nan,nan,nan,nan,nan
3341,0,nan,nan,nan,nan,nan
3342,0,nan,nan,nan,nan,nan
3343,0,nan,nan,nan,nan,nan
3344,0,nan,nan,nan,nan,nan
3345,0,nan,nan,nan,nan,nan
3346,0,nan,nan,nan,nan,nan
3347,0,nan,nan,nan,nan,nan
3348,0,nan,nan,nan,nan,nan
3349,0,nan,nan,nan,nan,nan
3350,0,nan,nan,nan,nan,nan
3351,0,nan,nan,nan,nan,nan
3352,0,nan,nan,nan,nan,nan
3353,0,nan,nan,nan,nan,nan
3354,0,nan,nan,nan,nan,nan
3355,0,nan,nan,nan,nan,nan
3356,0,nan,nan,nan,nan,nan
3357,0,nan,nan,nan,nan,nan
3358,0,nan,nan,nan,nan,nan
3359,0,nan,nan,nan,nan,nan
3360,0,nan,nan,nan,nan,nan
3361,0,nan,nan,nan,nan,nan
3362,0,nan,nan,nan,nan,nan
3363,0,nan,nan,nan,nan,nan
3364,0,nan,nan,nan,nan,nan
3365,0,nan,nan,nan,nan,nan
3366,0,nan,nan,nan,nan,nan
3367,0,nan,nan,nan,nan,nan
3368,0,nan,nan,nan,nan,nan
3369,0,nan,nan,nan,nan,nan
3370,0,nan,nan,nan,nan,nan
3371,0,nan,nan,nan,nan,nan
3372,0,nan,nan,nan,nan,nan
3373,0,nan,nan,nan,nan,nan
3374,0,nan,nan,nan,nan,nan
3375,0,nan,nan,nan,nan,nan
3376,0,nan,nan,nan,nan,nan
3377,0,nan,nan,nan,nan,nan
3378,0,nan,nan,nan,nan,nan
3379,0,nan,nan,nan,nan,nan
3380,0,nan,nan,nan,nan,nan
3381,0,nan,nan,nan,nan,nan
3382,0,nan,nan,nan,nan,nan
3383,0,nan,nan,nan,nan,nan
3384,0,nan,nan,nan,nan,nan
3385,0,nan,nan,nan,nan,nan
3386,0,nan,nan,nan,nan,nan
3387,0,nan,nan,nan,nan,nan
3388,0,nan,nan,nan,nan,nan
3389,0,nan,nan,nan,nan,nan
3390,0,nan,nan,nan,nan,nan
3391,0,nan,nan,nan,nan,nan
3392,0,nan,nan,nan,nan,nan
3393,0,nan,nan,nan,nan,nan
3394,0,nan,nan,nan,nan,nan
3395,0,nan,nan,nan,nan,nan
3396,0,nan,nan,nan,nan,nan
3397,0,nan,nan,nan,nan,nan
3398,0,nan,nan,nan,nan,nan
3399,0,nan,nan,nan,nan,nan
3400,0,nan,nan,nan,nan,nan
3401,0,nan,nan,nan,nan,nan
3402,0,nan,nan,nan,nan,nan
3403,0,nan,nan,nan,nan,nan
3404,0,nan,nan,nan,nan,nan
3405,0,nan,nan,nan,nan,nan
3406,0,nan,nan,nan,nan,nan
3407,0,nan,nan,nan,nan,nan
3408,0,nan,nan,nan,nan,nan
3409,0,nan,nan,nan,nan,nan
3410,0,nan,nan,nan,nan,nan
3411,0,nan,nan,nan,nan,nan
3412,0,nan,nan,nan,nan,nan
3413,0,nan,nan,nan,nan,nan
3414,0,nan,nan,nan,nan,nan
3415,0,nan,nan,nan,nan,nan
3416,0,nan,nan,nan,nan,nan
3417,0,nan,nan,nan,nan,nan
3418,0,nan,nan,nan,nan,nan
3419,0,nan,nan,nan,nan,nan
3420,0,nan,nan,nan,nan,nan
3421,0,nan,nan,nan,nan,nan
3422,0,nan,nan,nan,nan,nan
3423,0,nan,nan,nan,nan,nan
3424,0,nan,nan,nan,nan,nan
3425,0,nan,nan,nan,nan,nan
3426,0,nan,nan,nan,nan,nan
3427,0,nan,nan,nan,nan,nan
3428,0,nan,nan,nan,nan,nan
3429,0,nan,nan,nan,nan,nan
3430,0,nan,nan,nan,nan,nan
3431,0,nan,nan,nan,nan,nan
3432,0,nan,nan,nan,nan,nan
3433,0,nan,nan,nan,nan,nan
3434,0,nan,nan,nan,nan,nan
3435,0,nan,nan,nan,nan,nan
3436,0,nan,nan,nan,nan,nan
3437,0,nan,nan,nan,nan,nan
3438,0,nan,nan,nan,nan,nan
3439,0,nan,nan,nan,nan,nan
3440,0,nan,nan,nan,nan,nan
3441,0,nan,nan,nan,nan,nan
3442,0,nan,nan,nan,nan,nan
3443,0,nan,nan,nan,nan,nan
3444,0,nan,nan,nan,nan,nan
3445,0,nan,nan,nan,nan,nan
3446,0,nan,nan,nan,nan,nan
3447,0,nan,nan,nan,nan,nan
3448,0,nan,nan,nan,nan,nan
3449,0,nan,nan,nan,nan,nan
3450,0,nan,nan,nan,nan,nan
3451,0,nan,nan,nan,nan,nan
3452,0,nan,nan,nan,nan,nan
3453,0,nan,nan,nan,nan,nan
3454,0,nan,nan,nan,nan,nan
3455,0,nan,nan,nan,nan,nan
3456,0,nan,nan,nan,nan,nan
3457,0,nan,nan,nan,nan,nan
3458,0,nan,nan,nan,nan,nan
3459,0,nan,nan,nan,nan,nan
3460,0,nan,nan,nan,nan,nan
3461,0,nan,nan,nan,nan,nan
3462,0,nan,nan,nan,nan,nan
3463,0,nan,nan,nan,nan,nan
3464,0,nan,nan,nan,nan,nan
3465,0,nan,nan,nan,nan,nan
3466,0,nan,nan,nan,nan,nan
3467,0,nan,nan,nan,nan,nan
3468,0,nan,nan,nan,nan,nan
3469,0,nan,nan,nan,nan,nan
3470,0,nan,nan,nan,nan,nan
3471,0,nan,nan,nan,nan,nan
3472,0,nan,nan,nan,nan,nan
3473,0,nan,nan,nan,nan,nan
3474,0,nan,nan,nan,nan,nan
3475,0,nan,nan,nan,nan,nan
3476,0,nan,nan,nan,nan,nan
3477,0,nan,nan,nan,nan,nan
3478,0,nan,nan,nan,nan,nan
3479,0,nan,nan,nan,nan,nan
3480,0,nan,nan,nan,nan,nan
3481,0,nan,nan,nan,nan,nan
3482,0,nan,nan,nan,nan,nan
3483,0,nan,nan,nan,nan,nan
3484,0,nan,nan,nan,nan,nan
3485,0,nan,nan,nan,nan,nan
3486,0,nan,nan,nan,nan,nan
3487,0,nan,nan,nan,nan,nan
3488,0,nan,nan,nan,nan,nan
3489,0,nan,nan,nan,nan,nan
3490,0,nan,nan,nan,nan,nan
3491,0,nan,nan,nan,nan,nan
3492,0,nan,nan,nan,nan,nan
3493,0,nan,nan,nan,nan,nan
3494,0,nan,nan,nan,nan,nan
3495,0,nan,nan,nan,nan,nan
3496,0,nan,nan,nan,nan,nan
3497,0,nan,nan,nan,nan,nan
3498,0,nan,nan,nan,nan,nan
3499,0,nan,nan,nan,nan,nan
3500,0,nan,nan,nan,nan,nan
3501,0,nan,nan,nan,nan,nan
3502,0,nan,nan,nan,nan,nan
3503,0,nan,nan,nan,nan,nan
3504,0,nan,nan,nan,nan,nan
3505,0,nan,nan,nan,nan,nan
3506,0,nan,nan,nan,nan,nan
3507,0,nan,nan,nan,nan,nan
3508,0,nan,nan,nan,nan,nan
3509,0,nan,nan,nan,nan,nan
3510,0,nan,nan,nan,nan,nan
3511,0,nan,nan,nan,nan,nan
3512,0,nan,nan,nan,nan,nan
3513,0,nan,nan,nan,nan,nan
3514,0,nan,nan,nan,nan,nan
3515,0,nan,nan,nan,nan,nan
3516,0,nan,nan,nan,nan,nan
3517,0,nan,nan,nan,nan,nan
3518,0,nan,nan,nan,nan,nan
3519,0,nan,nan,nan,nan,nan
3520,0,nan,nan,nan,nan,nan
3521,0,nan,nan,nan,nan,nan
3522,0,nan,nan,nan,nan,nan
3523,0,nan,nan,nan,nan,nan
3524,0,nan,nan,nan,nan,nan
3525,0,nan,nan,nan,nan,nan
3526,0,nan,nan,nan,nan,nan
3527,0,nan,nan,nan,nan,nan
3528,0,nan,nan,nan,nan,nan
3529,0,nan,nan,nan,nan,nan
3530,0,nan,nan,nan,nan,nan
3531,0,nan,nan,nan,nan,nan
3532,0,nan,nan,nan,nan,nan
3533,0,nan,nan,nan,nan,nan
3534,0,nan,nan,nan,nan,nan
3535,0,nan,nan,nan,nan,nan
3536,0,nan,nan,nan,nan,nan
3537,0,nan,nan,nan,nan,nan
3538,0,nan,nan,nan,nan,nan
3539,0,nan,nan,nan,nan,nan
3540,0,nan,nan,nan,nan,nan
3541,0,nan,nan,nan,nan,nan
3542,0,nan,nan,nan,nan,nan
3543,0,nan,nan,nan,nan,nan
3544,0,nan,nan,nan,nan,nan
3545,0,nan,nan,nan,nan,nan
3546,0,nan,nan,nan,nan,nan
3547,0,nan,nan,nan,nan,nan
3548,0,nan,nan,nan,nan,nan
3549,0,nan,nan,nan,nan,nan
3550,0,nan,nan,nan,nan,nan
3551,0,nan,nan,nan,nan,nan
3552,0,nan,nan,nan,nan,nan
3553,0,nan,nan,nan,nan,nan
3554,0,nan,nan,nan,nan,nan
3555,0,nan,nan,nan,nan,nan
3556,0,nan,nan,nan,nan,nan
3557,0,nan,nan,nan,nan,nan
3558,0,nan,nan,nan,nan,nan
3559,0,nan,nan,nan,nan,nan
3560,0,nan,nan,nan,nan,nan
3561,0,nan,nan,nan,nan,nan
3562,0,nan,nan,nan,nan,nan
3563,0,nan,nan,nan,nan,nan
3564,0,nan,nan,nan,nan,nan
3565,0,nan,nan,nan,nan,nan
3566,0,nan,nan,nan,nan,nan
3567,0,nan,nan,nan,nan,nan
3568,0,nan,nan,nan,nan,nan
3569,0,nan,nan,nan,nan,nan
3570,0,nan,nan,nan,nan,nan
3571,0,nan,nan,nan,nan,nan
3572,0,nan,nan,nan,nan,nan
3573,0,nan,nan,nan,nan,nan
3574,0,nan,nan,nan,nan,nan
3575,0,nan,nan,nan,nan,nan
3576,0,nan,nan,nan,nan,nan
3577,0,nan,nan,nan,nan,nan
3578,0,nan,nan,nan,nan,nan
3579,0,nan,nan,nan,nan,nan
3580,0,nan,nan,nan,nan,nan
3581,0,nan,nan,nan,nan,nan
3582,0,nan,nan,nan,nan,nan
3583,0,nan,nan,nan,nan,nan
3584,0,nan,nan,nan,nan,nan
3585,0,nan,nan,nan,nan,nan
3586,0,nan,nan,nan,nan,nan
3587,0,nan,nan,nan,nan,nan
3588,0,nan,nan,nan,nan,nan
3589,0,nan,nan,nan,nan,nan
3590,0,nan,nan,nan,nan,nan
3591,0,nan,nan,nan,nan,nan
3592,0,nan,nan,nan,nan,nan
3593,0,nan,nan,nan,nan,nan
3594,0,nan,nan,nan,nan,nan
3595,0,nan,nan,nan,nan,nan
3596,0,nan,nan,nan,nan,nan
3597,0,nan,nan,nan,nan,nan
3598,0,nan,nan,nan,nan,nan
3599,0,nan,nan,nan,nan,nan
3600,0,nan,nan,nan,nan,nan
3601,0,nan,nan,nan,nan,nan
3602,0,nan,nan,nan,nan,nan
3603,0,nan,nan,nan,nan,nan
3604,0,nan,nan,nan,nan,nan
3605,0,nan,nan,nan,nan,nan
3606,0,nan,nan,nan,nan,nan
3607,0,nan,nan,nan,nan,nan
3608,0,nan,nan,nan,nan,nan
3609,0,nan,nan,nan,nan,nan
3610,0,nan,nan,nan,nan,nan
3611,0,nan,nan,nan,nan,nan
3612,0,nan,nan,nan,nan,nan
3613,0,nan,nan,nan,nan,nan
3614,0,nan,nan,nan,nan,nan
3615,0,nan,nan,nan,nan,nan
3616,0,nan,nan,nan,nan,nan
3617,0,nan,nan,nan,nan,nan
3618,0,nan,nan,nan,nan,nan
3619,0,nan,nan,nan,nan,nan
3620,0,nan,nan,nan,nan,nan
3621,0,nan,nan,nan,nan,nan
3622,0,nan,nan,nan,nan,nan
3623,0,nan,nan,nan,nan,nan
3624,0,nan,nan,nan,nan,nan
3625,0,nan,nan,nan,nan,nan
3626,0,nan,nan,nan,nan,nan
3627,0,nan,nan,nan,nan,nan
3628,0,nan,nan,nan,nan,nan
3629,0,nan,nan,nan,nan,nan
3630,0,nan,nan,nan,nan,nan
3631,0,nan,nan,nan,nan,nan
3632,0,nan,nan,nan,nan,nan
3633,0,nan,nan,nan,nan,nan
3634,0,nan,nan,nan,nan,nan
3635,0,nan,nan,nan,nan,nan
3636,0,nan,nan,nan,nan,nan
3637,0,nan,nan,nan,nan,nan
3638,0,nan,nan,nan,nan,nan
3639,0,nan,nan,nan,nan,nan
3640,0,nan,nan,nan,nan,nan
3641,0,nan,nan,nan,nan,nan
3642,0,nan,nan,nan,nan,nan
3643,0,nan,nan,nan,nan,nan
3644,0,nan,nan,nan,nan,nan
3645,0,nan,nan,nan,nan,nan
3646,0,nan,nan,nan,nan,nan
3647,0,nan,nan,nan,nan,nan
3648,0,nan,nan,nan,nan,nan
3649,0,nan,nan,nan,nan,nan
3650,0,nan,nan,nan,nan,nan
3651,0,nan,nan,nan,nan,nan
3652,0,nan,nan,nan,nan,nan
3653,0,nan,nan,nan,nan,nan
3654,0,nan,nan,nan,nan,nan
3655,0,nan,nan,nan,nan,nan
3656,0,nan,nan,nan,nan,nan
3657,0,nan,nan,nan,nan,nan
3658,0,nan,nan,nan,nan,nan
3659,0,nan,nan,nan,nan,nan
3660,0,nan,nan,nan,nan,nan
3661,0,nan,nan,nan,nan,nan
3662,0,nan,nan,nan,nan,nan
3663,0,nan,nan,nan,nan,nan
3664,0,nan,nan,nan,nan,nan
3665,0,nan,nan,nan,nan,nan
3666,0,nan,nan,nan,nan,nan
3667,0,nan,nan,nan,nan,nan
3668,0,nan,nan,nan,nan,nan
3669,0,nan,nan,nan,nan,nan
3670,0,nan,nan,nan,nan,nan
3671,0,nan,nan,nan,nan,nan
3672,0,nan,nan,nan,nan,nan
3673,0,nan,nan,nan,nan,nan
3674,0,nan,nan,nan,nan,nan
3675,0,nan,nan,nan,nan,nan
3676,0,nan,nan,nan,nan,nan
3677,0,nan,nan,nan,nan,nan
3678,0,nan,nan,nan,nan,nan
3679,0,nan,nan,nan,nan,nan
3680,0,nan,nan,nan,nan,nan
3681,0,nan,nan,nan,nan,nan
3682,0,nan,nan,nan,nan,nan
3683,0,nan,nan,nan,nan,nan
3684,0,nan,nan,nan,nan,nan
3685,0,nan,nan,nan,nan,nan
3686,0,nan,nan,nan,nan,nan
3687,0,nan,nan,nan,nan,nan
3688,0,nan,nan,nan,nan,nan
3689,0,nan,nan,nan,nan,nan
3690,0,nan,nan,nan,nan,nan
3691,0,nan,nan,nan,nan,nan
3692,0,nan,nan,nan,nan,nan
3693,0,nan,nan,nan,nan,nan
3694,0,nan,nan,nan,nan,nan
3695,0,nan,nan,nan,nan,nan
3696,0,nan,nan,nan,nan,nan
3697,0,nan,nan,nan,nan,nan
3698,0,nan,nan,nan,nan,nan
3699,0,nan,nan,nan,nan,nan
3700,0,nan,nan,nan,nan,nan
3701,0,nan,nan,nan,nan,nan
3702,0,nan,nan,nan,nan,nan
3703,0,nan,nan,nan,nan,nan
3704,0,nan,nan,nan,nan,nan
3705,0,nan,nan,nan,nan,nan
3706,0,nan,nan,nan,nan,nan
3707,0,nan,nan,nan,nan,nan
3708,0,nan,nan,nan,nan,nan
3709,0,nan,nan,nan,nan,nan
3710,0,nan,nan,nan,nan,nan
3711,0,nan,nan,nan,nan,nan
3712,0,nan,nan,nan,nan,nan
3713,0,nan,nan,nan,nan,nan
3714,0,nan,nan,nan,nan,nan
3715,0,nan,nan,nan,nan,nan
3716,0,nan,nan,nan,nan,nan
3717,0,nan,nan,nan,nan,nan
3718,0,nan,nan,nan,nan,nan
3719,0,nan,nan,nan,nan,nan
3720,0,nan,nan,nan,nan,nan
3721,0,nan,nan,nan,nan,nan
3722,0,nan,nan,nan,nan,nan
3723,0,nan,nan,nan,nan,nan
3724,0,nan,nan,nan,nan,nan
3725,0,nan,nan,nan,nan,nan
3726,0,nan,nan,nan,nan,nan
3727,0,nan,nan,nan,nan,nan
3728,0,nan,nan,nan,nan,nan
3729,0,nan,nan,nan,nan,nan
3730,0,nan,nan,nan,nan,nan
3731,0,nan,nan,nan,nan,nan
3732,0,nan,nan,nan,nan,nan
3733,0,nan,nan,nan,nan,nan
3734,0,nan,nan,nan,nan,nan
3735,0,nan,nan,nan,nan,nan
3736,0,nan,nan,nan,nan,nan
3737,0,nan,nan,nan,nan,nan
3738,0,nan,nan,nan,nan,nan
3739,0,nan,nan,nan,nan,nan
3740,0,nan,nan,nan,nan,nan
3741,0,nan,nan,nan,nan,nan
3742,0,nan,nan,nan,nan,nan
3743,0,nan,nan,nan,nan,nan
3744,0,nan,nan,nan,nan,nan
3745,0,nan,nan,nan,nan,nan
3746,0,nan,nan,nan,nan,nan
3747,0,nan,nan,nan,nan,nan
3748,0,nan,nan,nan,nan,nan
3749,0,nan,nan,nan,nan,nan
3750,0,nan,nan,nan,nan,nan
3751,0,nan,nan,nan,nan,nan
3752,0,nan,nan,nan,nan,nan
3753,0,nan,nan,nan,nan,nan
3754,0,nan,nan,nan,nan,nan
3755,0,nan,nan,nan,nan,nan
3756,0,nan,nan,nan,nan,nan
3757,0,nan,nan,nan,nan,nan
3758,0,nan,nan,nan,nan,nan
3759,0,nan,nan,nan,nan,nan
3760,0,nan,nan,nan,nan,nan
3761,0,nan,nan,nan,nan,nan
3762,0,nan,nan,nan,nan,nan
3763,0,nan,nan,nan,nan,nan
3764,0,nan,nan,nan,nan,nan
3765,0,nan,nan,nan,nan,nan
3766,0,nan,nan,nan,nan,nan
3767,0,nan,nan,nan,nan,nan
3768,0,nan,nan,nan,nan,nan
3769,0,nan,nan,nan,nan,nan
3770,0,nan,nan,nan,nan,nan
3771,0,nan,nan,nan,nan,nan
3772,0,nan,nan,nan,nan,nan
3773,0,nan,nan,nan,nan,nan
3774,0,nan,nan,nan,nan,nan
3775,0,nan,nan,nan,nan,nan
3776,0,nan,nan,nan,nan,nan
3777,0,nan,nan,nan,nan,nan
3778,0,nan,nan,nan,nan,nan
3779,0,nan,nan,nan,nan,nan
3780,0,nan,nan,nan,nan,nan
3781,0,nan,nan,nan,nan,nan
3782,0,nan,nan,nan,nan,nan
3783,0,nan,nan,nan,nan,nan
3784,0,nan,nan,nan,nan,nan
3785,0,nan,nan,nan,nan,nan
3786,0,nan,nan,nan,nan,nan
3787,0,nan,nan,nan,nan,nan
3788,0,nan,nan,nan,nan,nan
3789,0,nan,nan,nan,nan,nan
3790,0,nan,nan,nan,nan,nan
3791,0,nan,nan,nan,nan,nan
3792,0,nan,nan,nan,nan,nan
3793,0,nan,nan,nan,nan,nan
3794,0,nan,nan,nan,nan,nan
3795,0,nan,nan,nan,nan,nan
3796,0,nan,nan,nan,nan,nan
3797,0,nan,nan,nan,nan,nan
3798,0,nan,nan,nan,nan,nan
3799,0,nan,nan,nan,nan,nan
3800,0,nan,nan,nan,nan,nan
3801,0,nan,nan,nan,nan,nan
3802,0,nan,nan,nan,nan,nan
3803,0,nan,nan,nan,nan,nan
3804,0,nan,nan,nan,nan,nan
3805,0,nan,nan,nan,nan,nan
3806,0,nan,nan,nan,nan,nan
3807,0,nan,nan,nan,nan,nan
3808,0,nan,nan,nan,nan,nan
3809,0,nan,nan,nan,nan,nan
3810,0,nan,nan,nan,nan,nan
3811,0,nan,nan,nan,nan,nan
3812,0,nan,nan,nan,nan,nan
3813,0,nan,nan,nan,nan,nan
3814,0,nan,nan,nan,nan,nan
3815,0,nan,nan,nan,nan,nan
3816,0,nan,nan,nan,nan,nan
3817,0,nan,nan,nan,nan,nan
3818,0,nan,nan,nan,nan,nan
3819,0,nan,nan,nan,nan,nan
3820,0,nan,nan,nan,nan,nan
3821,0,nan,nan,nan,nan,nan
3822,0,nan,nan,nan,nan,nan
3823,0,nan,nan,nan,nan,nan
3824,0,nan,nan,nan,nan,nan
3825,0,nan,nan,nan,nan,nan
3826,0,nan,nan,nan,nan,nan
3827,0,nan,nan,nan,nan,nan
3828,0,nan,nan,nan,nan,nan
3829,0,nan,nan,nan,nan,nan
3830,0,nan,nan,nan,nan,nan
3831,0,nan,nan,nan,nan,nan
3832,0,nan,nan,nan,nan,nan
3833,0,nan,nan,nan,nan,nan
3834,0,nan,nan,nan,nan,nan
3835,0,nan,nan,nan,nan,nan
3836,0,nan,nan,nan,nan,nan
3837,0,nan,nan,nan,nan,nan
3838,0,nan,nan,nan,nan,nan
3839,0,nan,nan,nan,nan,nan
3840,0,nan,nan,nan,nan,nan
3841,0,nan,nan,nan,nan,nan
3842,0,nan,nan,nan,nan,nan
3843,0,nan,nan,nan,nan,nan
3844,0,nan,nan,nan,nan,nan
3845,0,nan,nan,nan,nan,nan
3846,0,nan,nan,nan,nan,nan
3847,0,nan,nan,nan,nan,nan
3848,0,nan,nan,nan,nan,nan
3849,0,nan,nan,nan,nan,nan
3850,0,nan,nan,nan,nan,nan
3851,0,nan,nan,nan,nan,nan
3852,0,nan,nan,nan,nan,nan
3853,0,nan,nan,nan,nan,nan
3854,0,nan,nan,nan,nan,nan
3855,0,nan,nan,nan,nan,nan
3856,0,nan,nan,nan,nan,nan
3857,0,nan,nan,nan,nan,nan
3858,0,nan,nan,nan,nan,nan
3859,0,nan,nan,nan,nan,nan
3860,0,nan,nan,nan,nan,nan
3861,0,nan,nan,nan,nan,nan
3862,0,nan,nan,nan,nan,nan
3863,0,nan,nan,nan,nan,nan
3864,0,nan,nan,nan,nan,nan
3865,0,nan,nan,nan,nan,nan
3866,0,nan,nan,nan,nan,nan
3867,0,nan,nan,nan,nan,nan
3868,0,nan,nan,nan,nan,nan
3869,0,nan,nan,nan,nan,nan
3870,0,nan,nan,nan,nan,nan
3871,0,nan,nan,nan,nan,nan
3872,0,nan,nan,nan,nan,nan
3873,0,nan,nan,nan,nan,nan
3874,0,nan,nan,nan,nan,nan
3875,0,nan,nan,nan,nan,nan
3876,0,nan,nan,nan,nan,nan
3877,0,nan,nan,nan,nan,nan
3878,0,nan,nan,nan,nan,nan
3879,0,nan,nan,nan,nan,nan
3880,0,nan,nan,nan,nan,nan
3881,0,nan,nan,nan,nan,nan
3882,0,nan,nan,nan,nan,nan
3883,0,nan,nan,nan,nan,nan
3884,0,nan,nan,nan,nan,nan
3885,0,nan,nan,nan,nan,nan
3886,0,nan,nan,nan,nan,nan
3887,0,nan,nan,nan,nan,nan
3888,0,nan,nan,nan,nan,nan
3889,0,nan,nan,nan,nan,nan
3890,0,nan,nan,nan,nan,nan
3891,0,nan,nan,nan,nan,nan
3892,0,nan,nan,nan,nan,nan
3893,0,nan,nan,nan,nan,nan
3894,0,nan,nan,nan,nan,nan
3895,0,nan,nan,nan,nan,nan
3896,0,nan,nan,nan,nan,nan
3897,0,nan,nan,nan,nan,nan
3898,0,nan,nan,nan,nan,nan
3899,0,nan,nan,nan,nan,nan
3900,0,nan,nan,nan,nan,nan
3901,0,nan,nan,nan,nan,nan
3902,0,nan,nan,nan,nan,nan
3903,0,nan,nan,nan,nan,nan
3904,0,nan,nan,nan,nan,nan
3905,0,nan,nan,nan,nan,nan
3906,0,nan,nan,nan,nan,nan
3907,0,nan,nan,nan,nan,nan
3908,0,nan,nan,nan,nan,nan
3909,0,nan,nan,nan,nan,nan
3910,0,nan,nan,nan,nan,nan
3911,0,nan,nan,nan,nan,nan
3912,0,nan,nan,nan,nan,nan
3913,0,nan,nan,nan,nan,nan
3914,0,nan,nan,nan,nan,nan
3915,0,nan,nan,nan,nan,nan
3916,0,nan,nan,nan,nan,nan
3917,0,nan,nan,nan,nan,nan
3918,0,nan,nan,nan,nan,nan
3919,0,nan,nan,nan,nan,nan
3920,0,nan,nan,nan,nan,nan
3921,0,nan,nan,nan,nan,nan
3922,0,nan,nan,nan,nan,nan
3923,0,nan,nan,nan,nan,nan
3924,0,nan,nan,nan,nan,nan
3925,0,nan,nan,nan,nan,nan
3926,0,nan,nan,nan,nan,nan
3927,0,nan,nan,nan,nan,nan
3928,0,nan,nan,nan,nan,nan
3929,0,nan,nan,nan,nan,nan
3930,0,nan,nan,nan,nan,nan
3931,0,nan,nan,nan,nan,nan
3932,0,nan,nan,nan,nan,nan
3933,0,nan,nan,nan,nan,nan
3934,0,nan,nan,nan,nan,nan
3935,0,nan,nan,nan,nan,nan
3936,0,nan,nan,nan,nan,nan
3937,0,nan,nan,nan,nan,nan
3938,0,nan,nan,nan,nan,nan
3939,0,nan,nan,nan,nan,nan
3940,0,nan,nan,nan,nan,nan
3941,0,nan,nan,nan,nan,nan
3942,0,nan,nan,nan,nan,nan
3943,0,nan,nan,nan,nan,nan
3944,0,nan,nan,nan,nan,nan
3945,0,nan,nan,nan,nan,nan
3946,0,nan,nan,nan,nan,nan
3947,0,nan,nan,nan,nan,nan
3948,0,nan,nan,nan,nan,nan
3949,0,nan,nan,nan,nan,nan
3950,0,nan,nan,nan,nan,nan
3951,0,nan,nan,nan,nan,nan
3952,0,nan,nan,nan,nan,nan
3953,0,nan,nan,nan,nan,nan
3954,0,nan,nan,nan,nan,nan
3955,0,nan,nan,nan,nan,nan
